elevation,volume_m3,area_ha,volume_tmc
32.0,0.0,0.09351098493068262,0.0
32.1,93.51098493068395,0.09351098493068262,3.3023092676252454e-06
32.2,187.0219698613679,0.09351098493068262,6.604618535250491e-06
32.300000000000004,280.53295479205184,0.09351098493068262,9.906927802875736e-06
32.400000000000006,374.0439397227358,0.09351098493068262,1.3209237070500982e-05
32.50000000000001,467.55492465341973,0.09351098493068262,1.6511546338126227e-05
32.60000000000001,561.0659095841037,0.09351098493068262,1.9813855605751472e-05
32.70000000000001,654.5768945147876,0.09351098493068262,2.3116164873376714e-05
32.80000000000001,748.0878794454716,0.09351098493068262,2.6418474141001963e-05
32.90000000000001,841.5988643761555,0.09351098493068262,2.9720783408627205e-05
33.000000000000014,935.109849390811,590.9894247619142,3.3023092679217876e-05
33.100000000000016,591924.5346113134,590.9894247619142,0.02090361766407077
33.20000000000002,1182913.9593732357,590.9894247619142,0.041774212235462314
33.30000000000002,1773903.3841351583,590.9894247619142,0.06264480680685386
33.40000000000002,2364892.808897081,590.9894247619142,0.08351540137824541
33.50000000000002,2955882.233659003,590.9894247619142,0.10438599594963695
33.60000000000002,3546871.658420925,590.9894247619142,0.1252565905210285
33.700000000000024,4137861.083182849,590.9894247619142,0.1461271850924201
33.800000000000026,4728850.507944772,590.9894247619142,0.16699777966381166
33.90000000000003,5319839.932706692,590.9894247619142,0.1878683742352031
34.00000000000003,5910829.357468624,611.4683304617337,0.20873896880659498
34.10000000000003,6522297.687930362,611.4683304617337,0.23033276910759634
34.20000000000003,7133766.018392105,611.4683304617337,0.2519265694085978
34.30000000000003,7745234.34885385,611.4683304617337,0.2735203697095994
34.400000000000034,8356702.679315589,611.4683304617337,0.2951141700106008
34.500000000000036,8968171.009777334,611.4683304617337,0.3167079703116023
34.60000000000004,9579639.340239078,611.4683304617337,0.33830177061260386
34.70000000000004,10191107.670700816,611.4683304617337,0.35989557091360524
34.80000000000004,10802576.001162563,611.4683304617337,0.38148937121460685
34.90000000000004,11414044.331624303,611.4683304617337,0.40308317151560824
35.00000000000004,12025512.662086053,635.8746975286418,0.42467697181661
35.100000000000044,12661387.359614711,635.8746975286418,0.4471326748364619
35.200000000000045,13297262.05714336,635.8746975286418,0.4695883778563135
35.30000000000005,13933136.754672006,635.8746975286418,0.492044080876165
35.40000000000005,14569011.452200662,635.8746975286418,0.5144997838960169
35.50000000000005,15204886.149729311,635.8746975286418,0.5369554869158685
35.60000000000005,15840760.84725796,635.8746975286418,0.5594111899357201
35.70000000000005,16476635.544786608,635.8746975286418,0.5818668929555716
35.800000000000054,17112510.242315263,635.8746975286418,0.6043225959754235
35.900000000000055,17748384.93984391,635.8746975286418,0.626778298995275
36.00000000000006,18384259.63737259,677.954640747449,0.6492340020151277
36.10000000000006,19062214.27812005,677.954640747449,0.6731757442054107
36.20000000000006,19740168.918867506,677.954640747449,0.6971174863956937
36.30000000000006,20418123.55961496,677.954640747449,0.7210592285859766
36.40000000000006,21096078.20036242,677.954640747449,0.7450009707762597
36.500000000000064,21774032.841109887,677.954640747449,0.7689427129665429
36.600000000000065,22451987.48185735,677.954640747449,0.7928844551568262
36.70000000000007,23129942.122604802,677.954640747449,0.8168261973471089
36.80000000000007,23807896.763352256,677.954640747449,0.8407679395373918
36.90000000000007,24485851.404099707,677.954640747449,0.8647096817276746
37.00000000000007,25163806.044847224,758.2805768029053,0.8886514239179597
37.10000000000007,25922086.621650156,758.2805768029053,0.9154298497691333
37.200000000000074,26680367.198453065,758.2805768029053,0.9422082756203062
37.300000000000075,27438647.775255978,758.2805768029053,0.9689867014714793
37.40000000000008,28196928.352058895,758.2805768029053,0.9957651273226523
37.50000000000008,28955208.928861808,758.2805768029053,1.0225435531738254
37.60000000000008,29713489.50566472,758.2805768029053,1.0493219790249984
37.70000000000008,30471770.082467627,758.2805768029053,1.076100404876171
37.80000000000008,31230050.65927057,758.2805768029053,1.1028788307273452
37.900000000000084,31988331.23607348,758.2805768029053,1.1296572565785181
38.000000000000085,32746611.812876455,832.621809822798,1.1564356824296933
38.10000000000009,33579233.62269926,832.621809822798,1.1858394441486284
38.20000000000009,34411855.43252207,832.621809822798,1.2152432058675635
38.30000000000009,35244477.242344886,832.621809822798,1.2446469675864988
38.40000000000009,36077099.0521677,832.621809822798,1.2740507293054342
38.50000000000009,36909720.861990504,832.621809822798,1.3034544910243693
38.600000000000094,37742342.67181332,832.621809822798,1.3328582527433044
38.700000000000095,38574964.48163612,832.621809822798,1.3622620144622395
38.8000000000001,39407586.291458935,832.621809822798,1.3916657761811748
38.9000000000001,40240208.10128175,832.621809822798,1.4210695379001101
39.0000000000001,41072829.911104605,880.4059231223769,1.450473299619047
39.1000000000001,41953235.834226996,880.4059231223769,1.4815645413737386
39.2000000000001,42833641.75734938,880.4059231223769,1.5126557831284302
39.300000000000104,43714047.68047177,880.4059231223769,1.543747024883122
39.400000000000105,44594453.603594154,880.4059231223769,1.5748382666378133
39.50000000000011,45474859.52671656,880.4059231223769,1.6059295083925056
39.60000000000011,46355265.449838944,880.4059231223769,1.6370207501471972
39.70000000000011,47235671.37296133,880.4059231223769,1.6681119919018887
39.80000000000011,48116077.29608372,880.4059231223769,1.6992032336565803
39.90000000000011,48996483.21920611,880.4059231223769,1.7302944754112721
40.000000000000114,49876889.14232852,914.3504106522147,1.7613857171659646
40.100000000000115,50791239.55298075,914.3504106522147,1.7936756971848042
40.20000000000012,51705589.963633,914.3504106522147,1.8259656772036448
40.30000000000012,52619940.37428522,914.3504106522147,1.8582556572224842
40.40000000000012,53534290.78493745,914.3504106522147,1.8905456372413239
40.50000000000012,54448641.19558968,914.3504106522147,1.9228356172601635
40.60000000000012,55362991.60624189,914.3504106522147,1.9551255972790025
40.700000000000124,56277342.01689415,914.3504106522147,1.9874155772978432
40.800000000000125,57191692.42754636,914.3504106522147,2.019705557316682
40.90000000000013,58106042.83819859,914.3504106522147,2.051995537335522
41.00000000000013,59020393.24885084,943.8998818903103,2.0842855173543624
41.10000000000013,59964293.13074118,943.8998818903103,2.1176190271017723
41.20000000000013,60908193.01263149,943.8998818903103,2.1509525368491813
41.30000000000013,61852092.8945218,943.8998818903103,2.18428604659659
41.400000000000134,62795992.77641214,943.8998818903103,2.2176195563439998
41.500000000000135,63739892.65830247,943.8998818903103,2.250953066091409
41.600000000000136,64683792.540192775,943.8998818903103,2.284286575838818
41.70000000000014,65627692.422083125,943.8998818903103,2.3176200855862277
41.80000000000014,66571592.30397342,943.8998818903103,2.3509535953336362
41.90000000000014,67515492.18586378,943.8998818903103,2.3842871050810466
42.00000000000014,68459392.06775409,967.4646500928424,2.417620614828455
42.10000000000014,69426856.71784699,967.4646500928424,2.4517863065113077
42.200000000000145,70394321.36793983,967.4646500928424,2.485951998194158
42.300000000000146,71361786.01803268,967.4646500928424,2.520117689877009
42.40000000000015,72329250.66812555,967.4646500928424,2.55428338155986
42.50000000000015,73296715.3182184,967.4646500928424,2.5884490732427103
42.60000000000015,74264179.96831125,967.4646500928424,2.6226147649255607
42.70000000000015,75231644.6184041,967.4646500928424,2.6567804566084114
42.80000000000015,76199109.26849698,967.4646500928424,2.690946148291263
42.900000000000155,77166573.9185898,967.4646500928424,2.7251118399741125
43.000000000000156,78134038.56868272,989.3462205666222,2.7592775316569655
43.10000000000016,79123384.78924938,989.3462205666222,2.7942159637084414
43.20000000000016,80112731.00981596,989.3462205666222,2.8291543957599146
43.30000000000016,81102077.23038262,989.3462205666222,2.864092827811391
43.40000000000016,82091423.45094925,989.3462205666222,2.8990312598628654
43.50000000000016,83080769.6715159,989.3462205666222,2.9339696919143408
43.600000000000165,84070115.89208254,989.3462205666222,2.9689081239658166
43.700000000000166,85059462.11264914,989.3462205666222,3.0038465560172902
43.80000000000017,86048808.33321582,989.3462205666222,3.0387849880687665
43.90000000000017,87038154.55378243,989.3462205666222,3.073723420120241
44.00000000000017,88027500.77434911,1008.5159724774121,3.1086618521717178
44.10000000000017,89036016.74682654,1008.5159724774121,3.144277257623056
44.20000000000017,90044532.71930395,1008.5159724774121,3.1798926630743938
44.300000000000175,91053048.69178139,1008.5159724774121,3.2155080685257325
44.400000000000176,92061564.6642588,1008.5159724774121,3.25112347397707
44.50000000000018,93070080.63673624,1008.5159724774121,3.286738879428409
44.60000000000018,94078596.60921365,1008.5159724774121,3.3223542848797467
44.70000000000018,95087112.58169109,1008.5159724774121,3.3579696903310854
44.80000000000018,96095628.55416855,1008.5159724774121,3.393585095782425
44.90000000000018,97104144.52664594,1008.5159724774121,3.429200501233762
45.000000000000185,98112660.49912341,1022.2620872622224,3.4648159066851014
45.100000000000186,99134922.58638564,1022.2620872622224,3.5009167515987802
45.20000000000019,100157184.67364787,1022.2620872622224,3.5370175965124595
45.30000000000019,101179446.7609101,1022.2620872622224,3.5731184414261383
45.40000000000019,102201708.84817234,1022.2620872622224,3.6092192863398176
45.50000000000019,103223970.93543458,1022.2620872622224,3.645320131253497
45.60000000000019,104246233.02269681,1022.2620872622224,3.6814209761671757
45.700000000000195,105268495.10995907,1022.2620872622224,3.717521821080856
45.800000000000196,106290757.19722128,1022.2620872622224,3.753622665994534
45.9000000000002,107313019.28448352,1022.2620872622224,3.7897235109082135
46.0000000000002,108335281.37174582,1036.4757569716862,3.825824355821895
46.1000000000002,109371757.12871748,1036.4757569716862,3.8624271517442517
46.2000000000002,110408232.8856892,1036.4757569716862,3.8990299476666106
46.3000000000002,111444708.64266089,1036.4757569716862,3.935632743588968
46.400000000000205,112481184.39963257,1036.4757569716862,3.972235539511326
46.500000000000206,113517660.15660432,1036.4757569716862,4.008838335433686
46.60000000000021,114554135.91357598,1036.4757569716862,4.045441131356043
46.70000000000021,115590611.67054772,1036.4757569716862,4.082043927278402
46.80000000000021,116627087.42751938,1036.4757569716862,4.118646723200759
46.90000000000021,117663563.18449111,1036.4757569716862,4.155249519123118
47.00000000000021,118700038.94146283,1049.4737838770511,4.191852315045477
47.100000000000215,119749512.72533989,1049.4737838770511,4.228914131956035
47.200000000000216,120798986.509217,1049.4737838770511,4.265975948866594
47.30000000000022,121848460.29309404,1049.4737838770511,4.303037765777152
47.40000000000022,122897934.07697108,1049.4737838770511,4.340099582687709
47.50000000000022,123947407.86084816,1049.4737838770511,4.377161399598267
47.60000000000022,124996881.64472522,1049.4737838770511,4.414223216508826
47.70000000000022,126046355.42860226,1049.4737838770511,4.451285033419383
47.800000000000225,127095829.21247934,1049.4737838770511,4.4883468503299415
47.900000000000226,128145302.99635644,1049.4737838770511,4.525408667240501
48.00000000000023,129194776.78023352,1058.5443494153274,4.562470484151059
48.10000000000023,130253321.12964883,1058.5443494153274,4.599852625060576
48.20000000000023,131311865.4790642,1058.5443494153274,4.637234765970095
48.30000000000023,132370409.82847953,1058.5443494153274,4.674616906879613
48.40000000000023,133428954.17789486,1058.5443494153274,4.71199904778913
48.500000000000234,134487498.52731025,1058.5443494153274,4.749381188698649
48.600000000000236,135546042.87672555,1058.5443494153274,4.786763329608165
48.70000000000024,136604587.22614092,1058.5443494153274,4.824145470517684
48.80000000000024,137663131.57555622,1058.5443494153274,4.8615276114272
48.90000000000024,138721675.92497164,1058.5443494153274,4.898909752336721
49.00000000000024,139780220.2743869,1061.9107448728319,4.936291893246236
49.10000000000024,140842131.01925978,1061.9107448728319,4.973792917289389
49.200000000000244,141904041.76413265,1061.9107448728319,5.011293941332542
49.300000000000246,142965952.5090055,1061.9107448728319,5.048794965375694
49.40000000000025,144027863.2538783,1061.9107448728319,5.086295989418845
49.50000000000025,145089773.99875116,1061.9107448728319,5.123797013461998
49.60000000000025,146151684.74362406,1061.9107448728319,5.161298037505152
49.70000000000025,147213595.48849687,1061.9107448728319,5.1987990615483035
49.80000000000025,148275506.2333697,1061.9107448728319,5.236300085591456
49.900000000000254,149337416.97824255,1061.9107448728319,5.273801109634607
50.000000000000256,150399327.7231154,1064.529052450891,5.31130213367776
50.10000000000026,151463856.7755663,1064.529052450891,5.348895622380406
50.20000000000026,152528385.82801718,1064.529052450891,5.38648911108305
50.30000000000026,153592914.88046816,1064.529052450891,5.424082599785699
50.40000000000026,154657443.93291903,1064.529052450891,5.461676088488343
50.50000000000026,155721972.98536995,1064.529052450891,5.499269577190989
50.600000000000264,156786502.03782088,1064.529052450891,5.536863065893636
50.700000000000266,157851031.09027177,1064.529052450891,5.574456554596281
50.80000000000027,158915560.14272264,1064.529052450891,5.612050043298925
50.90000000000027,159980089.19517353,1064.529052450891,5.649643532001571
51.00000000000027,161044618.2476245,1067.14736002895,5.687237020704218
51.10000000000027,162111765.60765344,1067.14736002895,5.724922974066358
51.20000000000027,163178912.96768236,1067.14736002895,5.762608927428495
51.300000000000274,164246060.3277114,1067.14736002895,5.800294880790637
51.400000000000276,165313207.68774036,1067.14736002895,5.837980834152776
51.50000000000028,166380355.04776925,1067.14736002895,5.875666787514913
51.60000000000028,167447502.40779832,1067.14736002895,5.913352740877056
51.70000000000028,168514649.76782727,1067.14736002895,5.951038694239195
51.80000000000028,169581797.1278562,1067.14736002895,5.988724647601333
51.90000000000028,170648944.4878852,1067.14736002895,6.026410600963474
52.000000000000284,171716091.8479142,1069.204601697425,6.064096554325613
52.100000000000286,172785296.4496116,1069.204601697425,6.10185515849164
52.20000000000029,173854501.05130902,1069.204601697425,6.139613762657666
52.30000000000029,174923705.65300646,1069.204601697425,6.177372366823693
52.40000000000029,175992910.2547039,1069.204601697425,6.21513097098972
52.50000000000029,177062114.85640132,1069.204601697425,6.252889575155747
52.60000000000029,178131319.4580988,1069.204601697425,6.290648179321774
52.700000000000294,179200524.05979624,1069.204601697425,6.328406783487802
52.800000000000296,180269728.66149366,1069.204601697425,6.366165387653828
52.9000000000003,181338933.26319107,1069.204601697425,6.4039239918198545
53.0000000000003,182408137.86488855,1070.3267335165933,6.441682595985882
53.1000000000003,183478464.59840515,1070.3267335165933,6.479480827863121
53.2000000000003,184548791.33192176,1070.3267335165933,6.51727905974036
53.3000000000003,185619118.0654384,1070.3267335165933,6.555077291617598
53.400000000000304,186689444.798955,1070.3267335165933,6.592875523494837
53.500000000000306,187759771.5324716,1070.3267335165933,6.630673755372076
53.60000000000031,188830098.26598817,1070.3267335165933,6.668471987249313
53.70000000000031,189900424.99950483,1070.3267335165933,6.706270219126553
53.80000000000031,190970751.73302138,1070.3267335165933,6.744068451003789
53.90000000000031,192041078.46653798,1070.3267335165933,6.781866682881028
54.00000000000031,193111405.20005465,1072.1034422302762,6.819664914758269
54.100000000000314,194183508.64228493,1072.1034422302762,6.8575258905115914
54.200000000000315,195255612.08451518,1072.1034422302762,6.895386866264913
54.30000000000032,196327715.5267455,1072.1034422302762,6.933247842018238
54.40000000000032,197399818.96897584,1072.1034422302762,6.971108817771563
54.50000000000032,198471922.4112061,1072.1034422302762,7.008969793524885
54.60000000000032,199544025.85343635,1072.1034422302762,7.046830769278207
54.70000000000032,200616129.2956667,1072.1034422302762,7.084691745031533
54.800000000000324,201688232.73789698,1072.1034422302762,7.122552720784856
54.900000000000325,202760336.18012723,1072.1034422302762,7.160413696538178
55.00000000000033,203832439.62235755,1073.4125960193057,7.198274672291502
55.10000000000033,204905852.21837687,1073.4125960193057,7.2361818803745726
55.20000000000033,205979264.8143962,1073.4125960193057,7.274089088457643
55.30000000000033,207052677.41041553,1073.4125960193057,7.3119962965407135
55.40000000000033,208126090.00643486,1073.4125960193057,7.349903504623784
55.500000000000334,209199502.6024542,1073.4125960193057,7.387810712706854
55.600000000000335,210272915.19847345,1073.4125960193057,7.425717920789923
55.70000000000034,211346327.79449278,1073.4125960193057,7.463625128872994
55.80000000000034,212419740.39051214,1073.4125960193057,7.501532336956065
55.90000000000034,213493152.98653144,1073.4125960193057,7.5394395450391345
56.00000000000034,214566565.58255076,1074.7217498083353,7.577346753122205
56.10000000000034,215641287.33235914,1074.7217498083353,7.615300193535022
56.200000000000344,216716009.0821675,1074.7217498083353,7.65325363394784
56.300000000000345,217790730.8319758,1074.7217498083353,7.691207074360654
56.40000000000035,218865452.58178413,1074.7217498083353,7.729160514773471
56.50000000000035,219940174.33159253,1074.7217498083353,7.767113955186289
56.60000000000035,221014896.08140087,1074.7217498083353,7.805067395599107
56.70000000000035,222089617.83120918,1074.7217498083353,7.843020836011922
56.80000000000035,223164339.5810176,1074.7217498083353,7.880974276424742
56.900000000000354,224239061.33082592,1074.7217498083353,7.918927716837557
57.000000000000355,225313783.08063424,1076.1244145822957,7.956881157250373
57.10000000000036,226389907.49521664,1076.1244145822957,7.994884132302207
57.20000000000036,227466031.90979892,1076.1244145822957,8.032887107354037
57.30000000000036,228542156.3243812,1076.1244145822957,8.070890082405867
57.40000000000036,229618280.73896354,1076.1244145822957,8.108893057457701
57.50000000000036,230694405.15354586,1076.1244145822957,8.146896032509531
57.600000000000364,231770529.5681281,1076.1244145822957,8.184899007561361
57.700000000000365,232846653.98271042,1076.1244145822957,8.222901982613193
57.80000000000037,233922778.39729282,1076.1244145822957,8.260904957665026
57.90000000000037,234998902.81187505,1076.1244145822957,8.298907932716855
58.00000000000037,236075027.22645736,1077.9011232959786,8.336910907768686
58.10000000000037,237152928.3497534,1077.9011232959786,8.374976626696604
58.20000000000037,238230829.4730494,1077.9011232959786,8.41304234562452
58.300000000000374,239308730.5963454,1077.9011232959786,8.451108064552438
58.400000000000375,240386631.71964133,1077.9011232959786,8.489173783480352
58.50000000000038,241464532.84293738,1077.9011232959786,8.52723950240827
58.60000000000038,242542433.96623337,1077.9011232959786,8.565305221336185
58.70000000000038,243620335.0895293,1077.9011232959786,8.6033709402641
58.80000000000038,244698236.2128254,1077.9011232959786,8.641436659192019
58.90000000000038,245776137.33612132,1077.9011232959786,8.679502378119933
59.000000000000384,246854038.45941734,1079.3037880699387,8.71756809704785
59.100000000000385,247933342.24748725,1079.3037880699387,8.75568335061478
59.20000000000039,249012646.03555727,1079.3037880699387,8.793798604181712
59.30000000000039,250091949.82362723,1079.3037880699387,8.831913857748644
59.40000000000039,251171253.6116971,1079.3037880699387,8.87002911131557
59.50000000000039,252250557.39976716,1079.3037880699387,8.908144364882505
59.60000000000039,253329861.18783706,1079.3037880699387,8.946259618449433
59.700000000000394,254409164.97590703,1079.3037880699387,8.984374872016364
59.800000000000395,255488468.76397693,1079.3037880699387,9.022490125583293
59.9000000000004,256567772.55204695,1079.3037880699387,9.060605379150227
60.0000000000004,257647076.34011686,1080.2388979192456,9.098720632717155
60.1000000000004,258727315.23803613,1080.2388979192456,9.136868909376762
60.2000000000004,259807554.13595545,1080.2388979192456,9.17501718603637
60.3000000000004,260887793.03387463,1080.2388979192456,9.213165462695976
60.400000000000404,261968031.93179393,1080.2388979192456,9.251313739355583
60.500000000000405,263048270.82971317,1080.2388979192456,9.28946201601519
60.600000000000406,264128509.72763246,1080.2388979192456,9.327610292674798
60.70000000000041,265208748.6255517,1080.2388979192456,9.365758569334403
60.80000000000041,266288987.523471,1080.2388979192456,9.403906845994012
60.90000000000041,267369226.42139027,1080.2388979192456,9.442055122653619
61.00000000000041,268449465.3193095,1081.1740077685524,9.480203399313224
61.10000000000041,269530639.32707804,1081.1740077685524,9.518384699065507
61.200000000000415,270611813.33484656,1081.1740077685524,9.556565998817788
61.300000000000416,271692987.3426152,1081.1740077685524,9.594747298570073
61.40000000000042,272774161.35038376,1081.1740077685524,9.632928598322357
61.50000000000042,273855335.3581523,1081.1740077685524,9.671109898074638
61.60000000000042,274936509.36592096,1081.1740077685524,9.709291197826925
61.70000000000042,276017683.3736895,1081.1740077685524,9.747472497579206
61.80000000000042,277098857.38145804,1081.1740077685524,9.78565379733149
61.900000000000425,278180031.38922656,1081.1740077685524,9.823835097083771
62.000000000000426,279261205.3969951,1082.5766725425126,9.862016396836054
62.10000000000043,280343782.0695377,1082.5766725425126,9.900247231227352
62.20000000000043,281426358.7420802,1082.5766725425126,9.93847806561865
62.30000000000043,282508935.4146228,1082.5766725425126,9.976708900009948
62.40000000000043,283591512.0871653,1082.5766725425126,10.014939734401246
62.50000000000043,284674088.7597078,1082.5766725425126,10.053170568792542
62.600000000000435,285756665.4322504,1082.5766725425126,10.091401403183841
62.700000000000436,286839242.10479283,1082.5766725425126,10.129632237575136
62.80000000000044,287921818.7773354,1082.5766725425126,10.167863071966435
62.90000000000044,289004395.449878,1082.5766725425126,10.206093906357735
63.00000000000044,290086972.1224205,1083.2312494370274,10.24432474074903
63.10000000000044,291170203.3718575,1083.2312494370274,10.282578691305202
63.20000000000044,292253434.6212945,1083.2312494370274,10.32083264186137
63.300000000000445,293336665.8707316,1083.2312494370274,10.359086592417542
63.400000000000446,294419897.1201686,1083.2312494370274,10.397340542973714
63.50000000000045,295503128.36960566,1083.2312494370274,10.435594493529884
63.60000000000045,296586359.61904275,1083.2312494370274,10.473848444086057
63.70000000000045,297669590.8684797,1083.2312494370274,10.512102394642225
63.80000000000045,298752822.1179168,1083.2312494370274,10.550356345198397
63.90000000000045,299836053.3673538,1083.2312494370274,10.588610295754567
64.00000000000045,300919284.6167909,1084.820936180849,10.626864246310738
64.10000000000045,302004105.5529717,1084.820936180849,10.665174336124458
64.20000000000046,303088926.48915267,1084.820936180849,10.703484425938182
64.30000000000047,304173747.42533356,1084.820936180849,10.741794515751902
64.40000000000046,305258568.36151433,1084.820936180849,10.78010460556562
64.50000000000045,306343389.29769516,1084.820936180849,10.818414695379339
64.60000000000046,307428210.2338761,1084.820936180849,10.856724785193062
64.70000000000047,308513031.170057,1084.820936180849,10.895034875006784
64.80000000000047,309597852.10623777,1084.820936180849,10.9333449648205
64.90000000000046,310682673.04241854,1084.820936180849,10.971655054634219
65.00000000000047,311767493.9785996,1085.9430680000173,11.009965144447946
65.10000000000048,312853437.0465997,1085.9430680000173,11.04831486197288
65.20000000000047,313939380.11459965,1085.9430680000173,11.086664579497809
65.30000000000047,315025323.18259954,1085.9430680000173,11.125014297022735
65.40000000000047,316111266.2505996,1085.9430680000173,11.16336401454767
65.50000000000048,317197209.31859976,1085.9430680000173,11.201713732072605
65.60000000000048,318283152.3865998,1085.9430680000173,11.240063449597537
65.70000000000047,319369095.45459974,1085.9430680000173,11.278413167122466
65.80000000000048,320455038.5225998,1085.9430680000173,11.3167628846474
65.90000000000049,321540981.5905999,1085.9430680000173,11.355112602172333
66.00000000000048,322626924.65859985,1087.2522217890469,11.393462319697262
66.10000000000048,323714176.8803888,1087.2522217890469,11.431858269551938
66.20000000000049,324801429.102178,1087.2522217890469,11.47025421940662
66.3000000000005,325888681.3239672,1087.2522217890469,11.508650169261305
66.40000000000049,326975933.54575616,1087.2522217890469,11.54704611911598
66.50000000000048,328063185.76754516,1087.2522217890469,11.585442068970657
66.60000000000049,329150437.9893342,1087.2522217890469,11.623838018825335
66.7000000000005,330237690.2111234,1087.2522217890469,11.662233968680018
66.8000000000005,331324942.43291235,1087.2522217890469,11.700629918534693
66.90000000000049,332412194.65470135,1087.2522217890469,11.73902586838937
67.0000000000005,333499446.87649053,1088.2808426232843,11.777421818244052
67.1000000000005,334587727.7191138,1088.2808426232843,11.815854093500674
67.2000000000005,335676008.56173706,1088.2808426232843,11.854286368757295
67.3000000000005,336764289.40436035,1088.2808426232843,11.892718644013916
67.4000000000005,337852570.24698365,1088.2808426232843,11.93115091927054
67.50000000000051,338940851.0896071,1088.2808426232843,11.969583194527168
67.6000000000005,340029131.93223035,1088.2808426232843,12.008015469783789
67.7000000000005,341117412.7748536,1088.2808426232843,12.046447745040409
67.80000000000051,342205693.61747694,1088.2808426232843,12.084880020297033
67.90000000000052,343293974.4601003,1088.2808426232843,12.123312295553658
68.00000000000051,344382255.3027235,1089.6835073972445,12.161744570810278
68.1000000000005,345471938.8101207,1089.6835073972445,12.200226380705912
68.20000000000051,346561622.3175181,1089.6835073972445,12.238708190601555
68.30000000000052,347651305.82491547,1089.6835073972445,12.277190000497194
68.40000000000052,348740989.3323126,1089.6835073972445,12.315671810392827
68.50000000000051,349830672.83970976,1089.6835073972445,12.35415362028846
68.60000000000052,350920356.34710705,1089.6835073972445,12.392635430184098
68.70000000000053,352010039.85450435,1089.6835073972445,12.431117240079736
68.80000000000052,353099723.3619015,1089.6835073972445,12.46959904997537
68.90000000000052,354189406.86929876,1089.6835073972445,12.508080859871008
69.00000000000053,355279090.3766961,1090.4315952766901,12.546562669766647
69.10000000000053,356369521.97197294,1090.4315952766901,12.58507089813643
69.20000000000053,357459953.56724954,1090.4315952766901,12.623579126506204
69.30000000000052,358550385.16252613,1090.4315952766901,12.662087354875977
69.40000000000053,359640816.75780296,1090.4315952766901,12.70059558324576
69.50000000000054,360731248.3530798,1090.4315952766901,12.739103811615543
69.60000000000053,361821679.9483564,1090.4315952766901,12.777612039985318
69.70000000000053,362912111.54363304,1090.4315952766901,12.816120268355093
69.80000000000054,364002543.1389098,1090.4315952766901,12.854628496724873
69.90000000000055,365092974.73418653,1090.4315952766901,12.893136725094651
70.00000000000054,366183406.3294631,1090.8991502013434,12.931644953464426
70.10000000000053,367274305.47966444,1090.8991502013434,12.97016969338054
70.20000000000054,368365204.6298659,1090.8991502013434,13.00869443329666
70.30000000000055,369456103.7800674,1090.8991502013434,13.047219173212781
70.40000000000055,370547002.93026865,1090.8991502013434,13.085743913128892
70.50000000000054,371637902.08046997,1090.8991502013434,13.124268653045007
70.60000000000055,372728801.23067135,1090.8991502013434,13.162793392961126
70.70000000000056,373819700.3808727,1090.8991502013434,13.201318132877242
70.80000000000055,374910599.53107405,1090.8991502013434,13.239842872793357
70.90000000000055,376001498.6812753,1090.8991502013434,13.278367612709468
71.00000000000055,377092397.8314768,1091.7407490657197,13.31689235262559
71.10000000000056,378184138.5805426,1091.7407490657197,13.355446813325118
71.20000000000056,379275879.32960826,1091.7407490657197,13.394001274024639
71.30000000000055,380367620.0786739,1091.7407490657197,13.43255573472416
71.40000000000056,381459360.8277397,1091.7407490657197,13.471110195423687
71.50000000000057,382551101.5768055,1091.7407490657197,13.509664656123213
71.60000000000056,383642842.3258711,1091.7407490657197,13.548219116822734
71.70000000000056,384734583.0749368,1091.7407490657197,13.586773577522258
71.80000000000057,385826323.8240027,1091.7407490657197,13.625328038221788
71.90000000000057,386918064.57306844,1091.7407490657197,13.663882498921314
72.00000000000057,388009805.32213414,1092.6758589150263,13.702436959620837
72.10000000000056,389102481.1810491,1092.6758589150263,13.741024443413036
72.20000000000057,390195157.03996414,1092.6758589150263,13.779611927205236
72.30000000000058,391287832.89887935,1092.6758589150263,13.818199410997442
72.40000000000057,392380508.7577943,1092.6758589150263,13.856786894789641
72.50000000000057,393473184.6167093,1092.6758589150263,13.89537437858184
72.60000000000058,394565860.47562444,1092.6758589150263,13.933961862374044
72.70000000000059,395658536.33453953,1092.6758589150263,13.972549346166247
72.80000000000058,396751212.1934545,1092.6758589150263,14.011136829958446
72.90000000000057,397843888.05236936,1092.6758589150263,14.049724313750641
73.00000000000058,398936563.9112845,1093.330435809541,14.088311797542845
73.10000000000059,400029894.34709424,1093.330435809541,14.126922397499925
73.20000000000059,401123224.7829038,1093.330435809541,14.165532997457
73.30000000000058,402216555.2187132,1093.330435809541,14.20414359741407
73.40000000000059,403309885.6545228,1093.330435809541,14.242754197371143
73.5000000000006,404403216.0903324,1093.330435809541,14.281364797328221
73.60000000000059,405496546.52614176,1093.330435809541,14.319975397285289
73.70000000000059,406589876.9619514,1093.330435809541,14.358585997242365
73.8000000000006,407683207.3977611,1093.330435809541,14.397196597199445
73.9000000000006,408776537.8335706,1093.330435809541,14.435807197156517
74.0000000000006,409869868.26938015,1094.0785236889867,14.474417797113592
74.10000000000059,410963946.793069,1094.0785236889867,14.513054815544802
74.2000000000006,412058025.31675816,1094.0785236889867,14.551691833976022
74.30000000000061,413152103.8404472,1094.0785236889867,14.59032885240724
74.4000000000006,414246182.36413604,1094.0785236889867,14.62896587083845
74.5000000000006,415340260.887825,1094.0785236889867,14.667602889269663
74.6000000000006,416434339.41151416,1094.0785236889867,14.706239907700883
74.70000000000061,417528417.9352032,1094.0785236889867,14.7448769261321
74.80000000000061,418622496.45889217,1094.0785236889867,14.783513944563314
74.9000000000006,419716574.9825811,1094.0785236889867,14.822150962994527
75.00000000000061,420810653.50627005,1095.4811884629469,14.86078798142574
75.10000000000062,421906134.69473326,1095.4811884629469,14.89947453449598
75.20000000000061,423001615.8831961,1095.4811884629469,14.938161087566206
75.30000000000061,424097097.07165897,1095.4811884629469,14.97684764063643
75.40000000000062,425192578.26012194,1095.4811884629469,15.015534193706662
75.50000000000063,426288059.448585,1095.4811884629469,15.054220746776894
75.60000000000062,427383540.6370479,1095.4811884629469,15.092907299847122
75.70000000000061,428479021.82551074,1095.4811884629469,15.131593852917348
75.80000000000062,429574503.01397383,1095.4811884629469,15.170280405987581
75.90000000000063,430669984.2024369,1095.4811884629469,15.208966959057816
76.00000000000063,431765465.39089984,1096.322787327323,15.247653512128045
76.10000000000062,432861788.17822707,1096.322787327323,15.286369785981679
76.20000000000063,433958110.9655545,1096.322787327323,15.32508605983532
76.30000000000064,435054433.7528818,1096.322787327323,15.363802333688959
76.40000000000063,436150756.5402091,1096.322787327323,15.402518607542595
76.50000000000063,437247079.32753634,1096.322787327323,15.441234881396229
76.60000000000063,438343402.1148638,1096.322787327323,15.479951155249873
76.70000000000064,439439724.9021912,1096.322787327323,15.518667429103512
76.80000000000064,440536047.6895185,1096.322787327323,15.55738370295715
76.90000000000063,441632370.47684574,1096.322787327323,15.596099976810784
77.00000000000064,442728693.2641731,1097.4449191464912,15.634816250664423
77.10000000000065,443826138.1833197,1097.4449191464912,15.673572152229276
77.20000000000064,444923583.1024661,1097.4449191464912,15.712328053794122
77.30000000000064,446021028.02161264,1097.4449191464912,15.751083955358974
77.40000000000065,447118472.9407592,1097.4449191464912,15.789839856923825
77.50000000000065,448215917.8599058,1097.4449191464912,15.828595758488678
77.60000000000065,449313362.7790522,1097.4449191464912,15.867351660053524
77.70000000000064,450410807.6981986,1097.4449191464912,15.906107561618372
77.80000000000065,451508252.61734515,1097.4449191464912,15.944863463183223
77.90000000000066,452605697.5364919,1097.4449191464912,15.98361936474808
78.00000000000065,453703142.4556383,1097.9124740711447,16.022375266312928
78.10000000000065,454801054.9297094,1097.9124740711447,16.061147679424113
78.20000000000066,455898967.4037806,1097.9124740711447,16.099920092535303
78.30000000000067,456996879.8778517,1097.9124740711447,16.13869250564649
78.40000000000066,458094792.3519228,1097.9124740711447,16.177464918757675
78.50000000000065,459192704.8259939,1097.9124740711447,16.21623733186886
78.60000000000066,460290617.3000653,1097.9124740711447,16.255009744980054
78.70000000000067,461388529.7741365,1097.9124740711447,16.293782158091243
78.80000000000067,462486442.24820757,1097.9124740711447,16.33255457120243
78.90000000000066,463584354.7222786,1097.9124740711447,16.371326984313615
79.00000000000067,464682267.19634986,1098.6605619505901,16.410099397424805
79.10000000000068,465780927.7583005,1098.6605619505901,16.448898229010137
79.20000000000067,466879588.3202511,1098.6605619505901,16.487697060595465
79.30000000000067,467978248.8822017,1098.6605619505901,16.526495892180794
79.40000000000067,469076909.44415236,1098.6605619505901,16.565294723766122
79.50000000000068,470175570.0061029,1098.6605619505901,16.60409355535145
79.60000000000068,471274230.5680535,1098.6605619505901,16.64289238693678
79.70000000000067,472372891.130004,1098.6605619505901,16.681691218522104
79.80000000000068,473471551.6919546,1098.6605619505901,16.720490050107433
79.90000000000069,474570212.2539055,1098.6605619505901,16.759288881692772
80.00000000000068,475668872.815856,1099.0346058903128,16.798087713278097
80.10000000000068,476767907.42174625,1099.0346058903128,16.836899754100497
80.20000000000068,477866942.0276365,1099.0346058903128,16.875711794922893
80.3000000000007,478965976.633527,1099.0346058903128,16.914523835745296
80.40000000000069,480065011.2394172,1099.0346058903128,16.953335876567692
80.50000000000068,481164045.84530747,1099.0346058903128,16.99214791739009
80.60000000000069,482263080.451198,1099.0346058903128,17.030959958212495
80.7000000000007,483362115.0570884,1099.0346058903128,17.0697719990349
80.8000000000007,484461149.66297853,1099.0346058903128,17.10858403985729
80.90000000000069,485560184.2688688,1099.0346058903128,17.147396080679687
81.0000000000007,486659218.8747592,1099.595671799897,17.18620812150209
81.1000000000007,487758814.54655915,1099.595671799897,17.225039976180096
81.2000000000007,488858410.218359,1099.595671799897,17.2638718308581
81.3000000000007,489958005.8901588,1099.595671799897,17.302703685536102
81.4000000000007,491057601.5619589,1099.595671799897,17.341535540214114
81.50000000000071,492157197.2337588,1099.595671799897,17.38036739489212
81.6000000000007,493256792.9055586,1099.595671799897,17.41919924957012
81.7000000000007,494356388.5773585,1099.595671799897,17.458031104248125
81.80000000000071,495455984.2491585,1099.595671799897,17.496862958926133
81.90000000000072,496555579.9209585,1099.595671799897,17.53569481360414
82.00000000000071,497655175.5927583,1100.2502486944118,17.574526668282143
82.1000000000007,498755425.8414527,1100.2502486944118,17.61338163912502
82.20000000000071,499855676.09014714,1100.2502486944118,17.6522366099679
82.30000000000072,500955926.3388417,1100.2502486944118,17.69109158081078
82.40000000000072,502056176.5875361,1100.2502486944118,17.72994655165366
82.50000000000071,503156426.8362304,1100.2502486944118,17.768801522496535
82.60000000000072,504256677.0849248,1100.2502486944118,17.80765649333941
82.70000000000073,505356927.3336195,1100.2502486944118,17.8465114641823
82.80000000000072,506457177.5823138,1100.2502486944118,17.885366435025173
82.90000000000072,507557427.8310082,1100.2502486944118,17.924221405868053
83.00000000000072,508657678.0797026,1100.9983365738572,17.96307637671093
83.10000000000073,509758676.4162765,1100.9983365738572,18.00195776602795
83.20000000000073,510859674.7528503,1100.9983365738572,18.040839155344965
83.30000000000072,511960673.0894241,1100.9983365738572,18.079720544661985
83.40000000000073,513061671.4259981,1100.9983365738572,18.118601933979008
83.50000000000074,514162669.76257217,1100.9983365738572,18.157483323296034
83.60000000000073,515263668.0991458,1100.9983365738572,18.196364712613047
83.70000000000073,516364666.43571967,1100.9983365738572,18.235246101930066
83.80000000000074,517465664.77229357,1100.9983365738572,18.274127491247086
83.90000000000074,518566663.1088674,1100.9983365738572,18.313008880564105
84.00000000000074,519667661.44544125,1101.8399354382334,18.351890269881125
84.10000000000073,520769501.3808795,1101.8399354382334,18.390801379981554
84.20000000000074,521871341.3163179,1101.8399354382334,18.429712490081986
84.30000000000075,522973181.25175613,1101.8399354382334,18.46862360018241
84.40000000000074,524075021.1871943,1101.8399354382334,18.507534710282837
84.50000000000074,525176861.12263244,1101.8399354382334,18.546445820383262
84.60000000000075,526278701.0580708,1101.8399354382334,18.585356930483695
84.70000000000076,527380540.9935092,1101.8399354382334,18.624268040584127
84.80000000000075,528482380.92894745,1101.8399354382334,18.663179150684556
84.90000000000074,529584220.8643856,1101.8399354382334,18.70209026078498
85.00000000000075,530686060.7998238,1102.1204683930252,18.74100137088541
85.10000000000076,531788181.26821697,1102.1204683930252,18.779922387913643
85.20000000000076,532890301.73660994,1102.1204683930252,18.818843404941873
85.30000000000075,533992422.2050029,1102.1204683930252,18.8577644219701
85.40000000000076,535094542.6733959,1102.1204683930252,18.89668543899833
85.50000000000077,536196663.1417892,1102.1204683930252,18.93560645602657
85.60000000000076,537298783.6101822,1102.1204683930252,18.9745274730548
85.70000000000076,538400904.0785751,1102.1204683930252,19.01344849008303
85.80000000000076,539503024.5469681,1102.1204683930252,19.052369507111255
85.90000000000077,540605145.0153613,1102.1204683930252,19.09129052413949
86.00000000000077,541707265.4837542,1103.055578242332,19.130211541167718
86.10000000000076,542810321.0619965,1103.055578242332,19.169165581288624
86.20000000000077,543913376.640239,1103.055578242332,19.208119621409537
86.30000000000078,545016432.2184814,1103.055578242332,19.247073661530447
86.40000000000077,546119487.7967236,1103.055578242332,19.28602770165135
86.50000000000077,547222543.3749659,1103.055578242332,19.324981741772255
86.60000000000078,548325598.9532083,1103.055578242332,19.363935781893165
86.70000000000078,549428654.5314506,1103.055578242332,19.40288982201407
86.80000000000078,550531710.1096929,1103.055578242332,19.441843862134977
86.90000000000077,551634765.6879351,1103.055578242332,19.48079790225588
87.00000000000078,552737821.2661778,1103.990688091639,19.519751942376796
87.10000000000079,553841811.9542694,1103.990688091639,19.55873900559038
87.20000000000078,554945802.642361,1103.990688091639,19.59772606880396
87.30000000000078,556049793.3304527,1103.990688091639,19.636713132017544
87.40000000000079,557153784.0185443,1103.990688091639,19.67570019523113
87.5000000000008,558257774.7066362,1103.990688091639,19.71468725844472
87.60000000000079,559361765.3947277,1103.990688091639,19.7536743216583
87.70000000000078,560465756.0828192,1103.990688091639,19.792661384871877
87.8000000000008,561569746.770911,1103.990688091639,19.831648448085463
87.9000000000008,562673737.4590027,1103.990688091639,19.870635511299053
88.0000000000008,563777728.1470944,1104.4582430162925,19.909622574512635
88.10000000000079,564882186.3901105,1104.4582430162925,19.94862614927255
88.2000000000008,565986644.6331269,1104.4582430162925,19.987629724032473
88.30000000000081,567091102.8761433,1104.4582430162925,20.0266332987924
88.4000000000008,568195561.1191595,1104.4582430162925,20.065636873552318
88.5000000000008,569300019.3621758,1104.4582430162925,20.10464044831224
88.6000000000008,570404477.6051922,1104.4582430162925,20.143644023072163
88.70000000000081,571508935.8482085,1104.4582430162925,20.182647597832087
88.80000000000081,572613394.0912247,1104.4582430162925,20.221651172592004
88.9000000000008,573717852.334241,1104.4582430162925,20.26065474735193
89.00000000000081,574822310.5772574,1105.1128199108073,20.29965832211185
89.10000000000082,575927423.3971684,1105.1128199108073,20.338685013036653
89.20000000000081,577032536.217079,1105.1128199108073,20.37771170396144
89.30000000000081,578137649.0369898,1105.1128199108073,20.416738394886234
89.40000000000082,579242761.8569006,1105.1128199108073,20.455765085811027
89.50000000000082,580347874.6768115,1105.1128199108073,20.494791776735823
89.60000000000082,581452987.4967223,1105.1128199108073,20.533818467660623
89.70000000000081,582558100.3166331,1105.1128199108073,20.572845158585416
89.80000000000082,583663213.136544,1105.1128199108073,20.611871849510212
89.90000000000083,584768325.956455,1105.1128199108073,20.650898540435012
90.00000000000082,585873438.7763658,1105.767396805322,20.68992523135981
90.10000000000082,586979206.1731709,1105.767396805322,20.72897503844947
90.20000000000083,588084973.5699764,1105.767396805322,20.768024845539145
90.30000000000084,589190740.9667817,1105.767396805322,20.80707465262881
90.40000000000083,590296508.3635869,1105.767396805322,20.846124459718474
90.50000000000082,591402275.7603922,1105.767396805322,20.88517426680814
90.60000000000083,592508043.1571977,1105.767396805322,20.924224073897815
90.70000000000084,593613810.554003,1105.767396805322,20.963273880987483
90.80000000000084,594719577.9508083,1105.767396805322,21.002323688077148
90.90000000000083,595825345.3476136,1105.767396805322,21.041373495166816
91.00000000000084,596931112.744419,1106.0479297601141,21.080423302256488
91.10000000000085,598037160.6741791,1106.0479297601141,21.119483016273957
91.20000000000084,599143208.6039392,1106.0479297601141,21.158542730291426
91.30000000000084,600249256.5336993,1106.0479297601141,21.1976024443089
91.40000000000084,601355304.4634595,1106.0479297601141,21.23666215832637
91.50000000000085,602461352.3932198,1106.0479297601141,21.27572187234385
91.60000000000085,603567400.3229799,1106.0479297601141,21.31478158636132
91.70000000000084,604673448.2527399,1106.0479297601141,21.353841300378786
91.80000000000085,605779496.1825001,1106.0479297601141,21.392901014396262
91.90000000000086,606885544.1122601,1106.0479297601141,21.431960728413728
92.00000000000085,607991592.0420203,1106.8895286244901,21.4710204424312
92.10000000000085,609098481.5706449,1106.8895286244901,21.510109877232082
92.20000000000086,610205371.0992692,1106.8895286244901,21.549199312032957
92.30000000000086,611312260.6278939,1106.8895286244901,21.588288746833847
92.40000000000086,612419150.1565182,1106.8895286244901,21.627378181634718
92.50000000000085,613526039.6851428,1106.8895286244901,21.6664676164356
92.60000000000086,614632929.2137673,1106.8895286244901,21.70555705123648
92.70000000000087,615739818.7423921,1106.8895286244901,21.744646486037368
92.80000000000086,616846708.2710164,1106.8895286244901,21.783735920838243
92.90000000000086,617953597.7996408,1106.8895286244901,21.822825355639118
93.00000000000087,619060487.3282654,1107.4505945340743,21.861914790440004
93.10000000000088,620167937.9227996,1107.4505945340743,21.90102403909649
93.20000000000087,621275388.5173335,1107.4505945340743,21.94013328775297
93.30000000000086,622382839.1118674,1107.4505945340743,21.97924253640945
93.40000000000087,623490289.7064017,1107.4505945340743,22.018351785065946
93.50000000000088,624597740.3009357,1107.4505945340743,22.05746103372243
93.60000000000088,625705190.8954699,1107.4505945340743,22.096570282378917
93.70000000000087,626812641.4900038,1107.4505945340743,22.135679531035397
93.80000000000088,627920092.0845381,1107.4505945340743,22.174788779691887
93.90000000000089,629027542.6790723,1107.4505945340743,22.21389802834838
94.00000000000088,630134993.2736063,1107.544105519005,22.253007277004862
94.10000000000088,631242537.3791252,1107.544105519005,22.292119827970613
94.20000000000088,632350081.4846444,1107.544105519005,22.33123237893637
94.30000000000089,633457625.5901635,1107.544105519005,22.370344929902124
94.40000000000089,634565169.6956825,1107.544105519005,22.40945748086788
94.50000000000088,635672713.8012013,1107.544105519005,22.448570031833626
94.60000000000089,636780257.9067204,1107.544105519005,22.48768258279938
94.7000000000009,637887802.0122395,1107.544105519005,22.526795133765134
94.80000000000089,638995346.1177584,1107.544105519005,22.565907684730885
94.90000000000089,640102890.2232773,1107.544105519005,22.605020235696635
95.0000000000009,641210434.3287964,1107.9181494587276,22.64413278666239
95.1000000000009,642318352.4782554,1107.9181494587276,22.683258546865225
95.2000000000009,643426270.6277139,1107.9181494587276,22.72238430706804
95.30000000000089,644534188.7771726,1107.9181494587276,22.761510067270862
95.4000000000009,645642106.9266316,1107.9181494587276,22.800635827473695
95.50000000000091,646750025.0760903,1107.9181494587276,22.83976158767652
95.6000000000009,647857943.225549,1107.9181494587276,22.87888734787934
95.7000000000009,648965861.3750076,1107.9181494587276,22.91801310808216
95.8000000000009,650073779.5244665,1107.9181494587276,22.95713886828499
95.90000000000092,651181697.6739253,1107.9181494587276,22.996264628487815
96.00000000000091,652289615.8233839,1108.4792153683118,23.035390388690633
96.1000000000009,653398095.0387521,1108.4792153683118,23.074535962749056
96.20000000000091,654506574.2541205,1108.4792153683118,23.11368153680749
96.30000000000092,655615053.4694889,1108.4792153683118,23.15282711086592
96.40000000000092,656723532.6848571,1108.4792153683118,23.191972684924348
96.50000000000091,657832011.9002254,1108.4792153683118,23.231118258982775
96.60000000000092,658940491.1155939,1108.4792153683118,23.270263833041213
96.70000000000093,660048970.3309622,1108.4792153683118,23.30940940709964
96.80000000000092,661157449.5463305,1108.4792153683118,23.348554981158067
96.90000000000092,662265928.7616987,1108.4792153683118,23.387700555216494
97.00000000000092,663374407.9770672,1108.946770292965,23.42684612927493
97.10000000000093,664483354.7473602,1108.946770292965,23.4660082148797
97.20000000000093,665592301.5176532,1108.946770292965,23.50517030048447
97.30000000000092,666701248.2879462,1108.946770292965,23.544332386089238
97.40000000000093,667810195.0582391,1108.946770292965,23.583494471694
97.50000000000094,668919141.8285322,1108.946770292965,23.62265655729877
97.60000000000093,670028088.598825,1108.946770292965,23.661818642903533
97.70000000000093,671137035.369118,1108.946770292965,23.700980728508302
97.80000000000094,672245982.139411,1108.946770292965,23.74014281411307
97.90000000000094,673354928.909704,1108.946770292965,23.77930489971784
98.00000000000094,674463875.6799968,1109.6013471874799,23.8184669853226
98.10000000000093,675573477.0271842,1109.6013471874799,23.85765218709224
98.20000000000094,676683078.374372,1109.6013471874799,23.89683738886189
98.30000000000095,677792679.7215595,1109.6013471874799,23.93602259063153
98.40000000000094,678902281.068747,1109.6013471874799,23.975207792401175
98.50000000000094,680011882.4159344,1109.6013471874799,24.014392994170812
98.60000000000095,681121483.7631221,1109.6013471874799,24.053578195940457
98.70000000000095,682231085.1103096,1109.6013471874799,24.0927633977101
98.80000000000095,683340686.4574969,1109.6013471874799,24.131948599479735
98.90000000000094,684450287.8046843,1109.6013471874799,24.171133801249372
99.00000000000095,685559889.1518719,1109.7883691573413,24.210319003019016
99.10000000000096,686669677.5210292,1109.7883691573413,24.249510809407195
99.20000000000095,687779465.8901865,1109.7883691573413,24.28870261579537
99.30000000000095,688889254.2593439,1109.7883691573413,24.327894422183544
99.40000000000096,689999042.6285013,1109.7883691573413,24.367086228571722
99.50000000000097,691108830.997659,1109.7883691573413,24.40627803495991
99.60000000000096,692218619.3668162,1109.7883691573413,24.44546984134808
99.70000000000095,693328407.7359734,1109.7883691573413,24.48466164773625
99.80000000000096,694438196.1051307,1109.7883691573413,24.523853454124424
99.90000000000097,695547984.4742882,1109.7883691573413,24.56304526051261
100.00000000000097,696657772.8434455,1109.881880142272,24.602237066900784
100.10000000000096,697767654.7235878,1109.881880142272,24.641432175598226
100.20000000000097,698877536.6037302,1109.881880142272,24.680627284295674
100.30000000000098,699987418.4838724,1109.881880142272,24.719822392993116
100.40000000000097,701097300.3640146,1109.881880142272,24.759017501690558
100.50000000000097,702207182.2441568,1109.881880142272,24.798212610388
100.60000000000097,703317064.1242992,1109.881880142272,24.837407719085444
100.70000000000098,704426946.0044415,1109.881880142272,24.87660282778289
100.80000000000098,705536827.8845837,1109.881880142272,24.91579793648033
100.90000000000097,706646709.7647259,1109.881880142272,24.954993045177773
101.00000000000098,707756591.6448685,1109.9753911272028,24.99418815387523
101.10000000000099,708866567.0359957,1109.9753911272028,25.03338656488194
101.20000000000098,709976542.4271228,1109.9753911272028,25.072584975888645
101.30000000000098,711086517.8182502,1109.9753911272028,25.111783386895365
101.40000000000099,712196493.2093773,1109.9753911272028,25.15098179790207
101.500000000001,713306468.6005045,1109.9753911272028,25.19018020890878
101.60000000000099,714416443.9916317,1109.9753911272028,25.229378619915494
101.70000000000098,715526419.3827589,1109.9753911272028,25.268577030922202
101.80000000000099,716636394.7738861,1109.9753911272028,25.307775441928914
101.900000000001,717746370.1650136,1109.9753911272028,25.346973852935633
102.000000000001,718856345.5561404,1110.2559240819946,25.386172263942335
102.10000000000099,719966601.4802225,1110.2559240819946,25.42538058187685
102.200000000001,721076857.4043045,1110.2559240819946,25.464588899811364
102.300000000001,722187113.3283868,1110.2559240819946,25.50379721774589
102.400000000001,723297369.2524686,1110.2559240819946,25.543005535680397
102.500000000001,724407625.1765506,1110.2559240819946,25.582213853614913
102.600000000001,725517881.1006328,1110.2559240819946,25.621422171549433
102.70000000000101,726628137.0247148,1110.2559240819946,25.66063048948395
102.800000000001,727738392.9487967,1110.2559240819946,25.69983880741846
102.900000000001,728848648.8728786,1110.2559240819946,25.73904712535297
103.00000000000101,729958904.7969608,1110.442946051856,25.77825544328749
103.10000000000102,731069347.7430127,1110.442946051856,25.81747036584054
103.20000000000101,732179790.6890645,1110.442946051856,25.85668528839359
103.300000000001,733290233.6351162,1110.442946051856,25.895900210946632
103.40000000000101,734400676.5811682,1110.442946051856,25.935115133499686
103.50000000000102,735511119.5272202,1110.442946051856,25.974330056052743
103.60000000000102,736621562.4732721,1110.442946051856,26.01354497860579
103.70000000000101,737732005.4193239,1110.442946051856,26.05275990115884
103.80000000000102,738842448.3653758,1110.442946051856,26.091974823711887
103.90000000000103,739952891.3114277,1110.442946051856,26.13118974626494
104.00000000000102,741063334.2574794,1111.0040119614403,26.170404668817984
104.10000000000102,742174338.2694409,1111.0040119614403,26.20963940522664
104.20000000000103,743285342.2814023,1111.0040119614403,26.248874141635294
104.30000000000103,744396346.2933638,1111.0040119614403,26.28810887804395
104.40000000000103,745507350.3053253,1111.0040119614403,26.327343614452605
104.50000000000102,746618354.3172867,1111.0040119614403,26.366578350861264
104.60000000000103,747729358.3292482,1111.0040119614403,26.40581308726992
104.70000000000104,748840362.3412097,1111.0040119614403,26.445047823678575
104.80000000000103,749951366.353171,1111.0040119614403,26.484282560087227
104.90000000000103,751062370.3651323,1111.0040119614403,26.52351729649588
105.00000000000104,752173374.3770938,1111.1910339313015,26.562752032904534
105.10000000000105,753284565.4110254,1111.1910339313015,26.601993373931734
105.20000000000104,754395756.4449567,1111.1910339313015,26.641234714958923
105.30000000000103,755506947.4788878,1111.1910339313015,26.680476055986105
105.40000000000104,756618138.5128193,1111.1910339313015,26.719717397013305
105.50000000000105,757729329.5467507,1111.1910339313015,26.758958738040498
105.60000000000105,758840520.5806818,1111.1910339313015,26.79820007906768
105.70000000000104,759951711.6146132,1111.1910339313015,26.837441420094873
105.80000000000105,761062902.6485445,1111.1910339313015,26.876682761122066
105.90000000000106,762174093.6824758,1111.1910339313015,26.915924102149255
106.00000000000105,763285284.7164071,1111.5650778710242,26.955165443176444
106.10000000000105,764396849.7942779,1111.5650778710242,26.994419993440697
106.20000000000105,765508414.8721491,1111.5650778710242,27.033674543704965
106.30000000000106,766619979.9500206,1111.5650778710242,27.07292909396924
106.40000000000106,767731545.0278914,1111.5650778710242,27.112183644233497
106.50000000000105,768843110.1057622,1111.5650778710242,27.15143819449775
106.60000000000106,769954675.1836336,1111.5650778710242,27.19069274476202
106.70000000000107,771066240.2615047,1111.5650778710242,27.229947295026285
106.80000000000106,772177805.3393755,1111.5650778710242,27.26920184529054
106.90000000000106,773289370.4172465,1111.5650778710242,27.308456395554796
107.00000000000107,774400935.4951177,1111.7520998408856,27.347710945819063
107.10000000000107,775512687.5949585,1111.7520998408856,27.38697210070186
107.20000000000107,776624439.6947994,1111.7520998408856,27.426233255584656
107.30000000000106,777736191.7946401,1111.7520998408856,27.465494410467443
107.40000000000107,778847943.8944811,1111.7520998408856,27.504755565350244
107.50000000000108,779959695.9943221,1111.7520998408856,27.544016720233042
107.60000000000107,781071448.094163,1111.7520998408856,27.58327787511584
107.70000000000107,782183200.1940036,1111.7520998408856,27.622539029998627
107.80000000000108,783294952.2938447,1111.7520998408856,27.66180018488143
107.90000000000109,784406704.3936858,1111.7520998408856,27.701061339764234
108.00000000000108,785518456.4935267,1112.2196547655392,27.74032249464703
108.10000000000107,786630676.1482922,1112.2196547655392,27.77960016107616
108.20000000000108,787742895.8030578,1112.2196547655392,27.8188778275053
108.30000000000109,788855115.4578233,1112.2196547655392,27.85815549393443
108.40000000000109,789967335.1125889,1112.2196547655392,27.89743316036357
108.50000000000108,791079554.7673542,1112.2196547655392,27.936710826792694
108.60000000000109,792191774.4221199,1112.2196547655392,27.97598849322183
108.7000000000011,793303994.0768855,1112.2196547655392,28.01526615965097
108.80000000000109,794416213.7316508,1112.2196547655392,28.054543826080096
108.90000000000109,795528433.3864164,1112.2196547655392,28.09382149250923
109.0000000000011,796640653.0411822,1112.5936987052619,28.133099158938375
109.1000000000011,797753246.7398876,1112.5936987052619,28.172390034604586
109.2000000000011,798865840.4385927,1112.5936987052619,28.211680910270783
109.30000000000109,799978434.137298,1112.5936987052619,28.25097178593699
109.4000000000011,801091027.8360034,1112.5936987052619,28.2902626616032
109.50000000000111,802203621.5347087,1112.5936987052619,28.329553537269405
109.6000000000011,803316215.2334138,1112.5936987052619,28.368844412935605
109.7000000000011,804428808.9321189,1112.5936987052619,28.4081352886018
109.8000000000011,805541402.6308243,1112.5936987052619,28.447426164268013
109.90000000000111,806653996.3295298,1112.5936987052619,28.486717039934224
110.00000000000111,807766590.0282348,1112.874231660054,28.52600791560042
110.1000000000011,808879464.2598948,1112.874231660054,28.56530869819443
110.20000000000111,809992338.491555,1112.874231660054,28.604609480788437
110.30000000000112,811105212.7232151,1112.874231660054,28.64391026338245
110.40000000000111,812218086.9548751,1112.874231660054,28.683211045976453
110.50000000000111,813330961.186535,1112.874231660054,28.722511828570454
110.60000000000112,814443835.4181954,1112.874231660054,28.761812611164473
110.70000000000113,815556709.6498556,1112.874231660054,28.801113393758488
110.80000000000112,816669583.8815155,1112.874231660054,28.84041417635249
110.90000000000111,817782458.1131756,1112.874231660054,28.8797149589465
111.00000000000112,818895332.3448355,1112.9677426449846,28.919015741540502
111.10000000000113,820008300.0874808,1112.9677426449846,28.958319826443788
111.20000000000113,821121267.8301256,1112.9677426449846,28.997623911347056
111.30000000000112,822234235.5727706,1112.9677426449846,29.03692799625033
111.40000000000113,823347203.3154155,1112.9677426449846,29.076232081153602
111.50000000000114,824460171.0580605,1112.9677426449846,29.11553616605688
111.60000000000113,825573138.8007054,1112.9677426449846,29.154840250960152
111.70000000000113,826686106.5433503,1112.9677426449846,29.194144335863424
111.80000000000113,827799074.2859954,1112.9677426449846,29.233448420766702
111.90000000000114,828912042.0286407,1112.9677426449846,29.27275250566999
112.00000000000114,830025009.7712858,1113.1547646148458,29.312056590573267
112.10000000000113,831138164.5359005,1113.1547646148458,29.351367280095072
112.20000000000114,832251319.3005154,1113.1547646148458,29.390677969616885
112.30000000000115,833364474.0651304,1113.1547646148458,29.4299886591387
112.40000000000114,834477628.829745,1113.1547646148458,29.469299348660506
112.50000000000114,835590783.5943599,1113.1547646148458,29.508610038182315
112.60000000000115,836703938.3589748,1113.1547646148458,29.547920727704128
112.70000000000115,837817093.1235896,1113.1547646148458,29.587231417225937
112.80000000000115,838930247.8882045,1113.1547646148458,29.62654210674775
112.90000000000114,840043402.6528193,1113.1547646148458,29.665852796269558
113.00000000000115,841156557.417434,1113.6223195394994,29.705163485791363
113.10000000000116,842270179.7369738,1113.6223195394994,29.74449068685952
113.20000000000115,843383802.0565133,1113.6223195394994,29.783817887927672
113.30000000000115,844497424.3760526,1113.6223195394994,29.823145088995812
113.40000000000116,845611046.6955924,1113.6223195394994,29.86247229006397
113.50000000000117,846724669.015132,1113.6223195394994,29.90179949113212
113.60000000000116,847838291.3346715,1113.6223195394994,29.94112669220027
113.70000000000115,848951913.6542109,1113.6223195394994,29.980453893268418
113.80000000000116,850065535.9737504,1113.6223195394994,30.01978109433656
113.90000000000117,851179158.2932899,1113.6223195394994,30.059108295404712
114.00000000000117,852292780.6128293,1114.0898744641527,30.09843549647286
114.10000000000116,853406870.4872935,1114.0898744641527,30.137779209087345
114.20000000000117,854520960.3617576,1114.0898744641527,30.177122921701834
114.30000000000118,855635050.2362218,1114.0898744641527,30.21646663431632
114.40000000000117,856749140.1106861,1114.0898744641527,30.25581034693081
114.50000000000117,857863229.9851501,1114.0898744641527,30.295154059545293
114.60000000000117,858977319.8596146,1114.0898744641527,30.334497772159793
114.70000000000118,860091409.7340788,1114.0898744641527,30.373841484774278
114.80000000000118,861205499.6085429,1114.0898744641527,30.413185197388767
114.90000000000117,862319589.483007,1114.0898744641527,30.45252891000325
115.00000000000118,863433679.3574712,1114.3704074189448,30.491872622617738
115.10000000000119,864548049.7648902,1114.3704074189448,30.53122624216003
115.20000000000118,865662420.1723092,1114.3704074189448,30.57057986170232
115.30000000000118,866776790.5797279,1114.3704074189448,30.6099334812446
115.40000000000119,867891160.987147,1114.3704074189448,30.649287100786896
115.5000000000012,869005531.3945659,1114.3704074189448,30.688640720329186
115.60000000000119,870119901.8019848,1114.3704074189448,30.727994339871472
115.70000000000118,871234272.2094036,1114.3704074189448,30.767347959413758
115.80000000000119,872348642.6168227,1114.3704074189448,30.80670157895605
115.9000000000012,873463013.0242417,1114.3704074189448,30.84605519849834
116.0000000000012,874577383.4316607,1114.8379623435983,30.885408818040634
116.10000000000119,875692221.3940041,1114.8379623435983,30.924778949129255
116.2000000000012,876807059.356348,1114.8379623435983,30.964149080217894
116.3000000000012,877921897.3186917,1114.8379623435983,31.003519211306525
116.4000000000012,879036735.2810352,1114.8379623435983,31.04288934239515
116.5000000000012,880151573.2433788,1114.8379623435983,31.082259473483774
116.6000000000012,881266411.2057223,1114.8379623435983,31.1216296045724
116.70000000000121,882381249.168066,1114.8379623435983,31.160999735661033
116.8000000000012,883496087.1304096,1114.8379623435983,31.20036986674966
116.9000000000012,884610925.0927532,1114.8379623435983,31.239739997838285
117.00000000000121,885725763.0550967,1115.0249843134595,31.279110128926913
117.10000000000122,886840788.0394102,1115.0249843134595,31.318486864634078
117.20000000000121,887955813.0237237,1115.0249843134595,31.35786360034124
117.3000000000012,889070838.0080371,1115.0249843134595,31.3972403360484
117.40000000000121,890185862.9923508,1115.0249843134595,31.436617071755574
117.50000000000122,891300887.9766643,1115.0249843134595,31.475993807462736
117.60000000000122,892415912.9609778,1115.0249843134595,31.5153705431699
117.70000000000121,893530937.945291,1115.0249843134595,31.554747278877056
117.80000000000122,894645962.9296048,1115.0249843134595,31.594124014584228
117.90000000000123,895760987.9139183,1115.0249843134595,31.633500750291393
118.00000000000122,896876012.8982316,1115.3990282531822,31.67287748599855
118.10000000000122,897991411.9264848,1115.3990282531822,31.712267430942784
118.20000000000122,899106810.954738,1115.3990282531822,31.75165737588702
118.30000000000123,900222209.9829912,1115.3990282531822,31.791047320831254
118.40000000000123,901337609.0112443,1115.3990282531822,31.830437265775483
118.50000000000122,902453008.0394974,1115.3990282531822,31.869827210719713
118.60000000000123,903568407.0677507,1115.3990282531822,31.909217155663953
118.70000000000124,904683806.096004,1115.3990282531822,31.94860710060819
118.80000000000123,905799205.1242571,1115.3990282531822,31.98799704555242
118.90000000000123,906914604.1525102,1115.3990282531822,32.02738699049665
119.00000000000124,908030003.1807636,1115.773072192905,32.06677693544089
119.10000000000124,909145776.2529566,1115.773072192905,32.1061800896222
119.20000000000124,910261549.3251495,1115.773072192905,32.1455832438035
119.30000000000123,911377322.3973423,1115.773072192905,32.1849863979848
119.40000000000124,912493095.4695352,1115.773072192905,32.22438955216611
119.50000000000125,913608868.5417283,1115.773072192905,32.26379270634742
119.60000000000124,914724641.6139212,1115.773072192905,32.30319586052872
119.70000000000124,915840414.686114,1115.773072192905,32.34259901471002
119.80000000000125,916956187.7583069,1115.773072192905,32.382002168891326
119.90000000000126,918071960.8304999,1115.773072192905,32.421405323072634
120.00000000000125,919187733.9026928,1116.053605147697,32.460808477253934
120.10000000000124,920303787.5078404,1116.053605147697,32.500221538363036
120.20000000000125,921419841.1129882,1116.053605147697,32.53963459947215
120.30000000000126,922535894.718136,1116.053605147697,32.57904766058126
120.40000000000126,923651948.3232839,1116.053605147697,32.618460721690376
120.50000000000125,924768001.9284315,1116.053605147697,32.65787378279948
120.60000000000126,925884055.5335791,1116.053605147697,32.69728684390858
120.70000000000127,927000109.138727,1116.053605147697,32.736699905017694
120.80000000000126,928116162.7438745,1116.053605147697,32.776112966126796
120.90000000000126,929232216.3490222,1116.053605147697,32.8155260272359
121.00000000000126,930348269.9541699,1116.1471161326278,32.854939088345006
